24.02.2025;;;;;;;;;;;;;;;;;;;;;;;;;;;;;;;;;;;;;;;;;;;;;;;;;;;;;;;;;;;;;;;;;;;;;;;;;;;;;;;;;;
İL PLAKA NO;İL ADI;ADANA;ADIYAMAN;AFYONKARAHİSAR;AĞRI;AMASYA;ANKARA;ANTALYA;ARTVİN;AYDIN;BALIKESİR;BİLECİK;BİNGÖL;BİTLİS;BOLU;BURDUR;BURSA;ÇANAKKALE;ÇANKIRI;ÇORUM;DENİZLİ;DİYARBAKIR;EDİRNE;ELAZIĞ;ERZİNCAN;ERZURUM;ESKİŞEHİR;GAZİANTEP;GİRESUN;GÜMÜŞHANE;HAKKARİ;HATAY;ISPARTA;MERSİN;İSTANBUL;İZMİR;KARS;KASTAMONU;KAYSERİ;KIRKLARELİ;KIRŞEHİR;KOCAELİ;KONYA;KÜTAHYA;MALATYA;MANİSA;KAHRAMANMARAŞ;MARDİN;MUĞLA;MUŞ;NEVŞEHİR;NİĞDE;ORDU;RİZE;SAKARYA;SAMSUN;SİİRT;SİNOP;SİVAS;TEKİRDAĞ;TOKAT;TRABZON;TUNCELİ;ŞANLIURFA;UŞAK;VAN;YOZGAT;ZONGULDAK;AKSARAY;BAYBURT;KARAMAN;KIRIKKALE;BATMAN;ŞIRNAK;BARTIN;ARDAHAN;IĞDIR;YALOVA;KARABÜK;KİLİS;OSMANİYE;DÜZCE
01;ADANA;;337;578;978;602;491;546;1001;879;902;785;631;741;688;647;856;1093;590;582;761;537;1183;494;676;807;690;216;716;780;906;196;618;70;951;905;1012;696;335;1159;376;840;357;675;396;885;197;549;855;741;287;207;707;911;803;753;715;866;428;1081;492;832;630;354;690;900;489;764;268;801;292;485;628;718;783;1037;1076;905;714;251;89;734
02;ADIYAMAN;337;;915;647;623;732;884;715;1217;1239;1032;347;410;920;984;1104;1383;762;697;1098;206;1414;283;546;521;952;151;698;677;652;316;956;407;1182;1243;726;868;414;1391;549;1072;695;1012;186;1223;162;294;1193;455;497;544;728;770;1034;752;384;877;410;1313;513;770;419;111;1027;569;613;996;573;674;630;658;297;464;1014;751;746;1137;945;210;244;966
03;AFYONKARAHİSAR;578;915;;1320;595;255;287;1224;340;324;207;1087;1278;417;166;278;515;398;504;221;1098;682;949;955;1140;140;794;865;1027;1485;774;167;571;450;327;1342;504;513;659;425;340;226;97;852;307;772;1127;348;1196;434;461;823;1076;302;676;1285;674;706;581;645;997;1078;933;112;1412;479;483;358;1079;339;338;1197;1297;517;1361;1464;346;448;830;667;371
04;AĞRI;978;647;1320;;740;1055;1424;364;1624;1579;1361;359;237;1146;1391;1417;1696;985;830;1505;441;1641;499;370;182;1298;762;542;380;428;956;1362;1048;1409;1647;214;990;816;1617;940;1298;1111;1377;593;1627;815;518;1632;246;888;937;584;429;1261;731;333;891;618;1539;674;474;418;618;1432;233;841;1205;964;304;1112;985;370;429;1171;305;144;1363;1106;817;885;1192
05;AMASYA;602;623;595;740;;330;822;679;934;844;626;641;832;411;760;682;962;245;91;816;703;906;535;375;560;573;576;320;436;1168;673;723;635;674;922;762;255;341;883;312;563;509;652;457;902;500;798;943;751;355;435;278;531;526;131;890;256;221;805;112;452;498;706;707;972;199;471;420;457;621;260;803;996;436;781;884;628;371;639;602;458
06;ANKARA;491;732;255;1055;330;;542;960;595;536;314;887;1078;190;421;385;665;131;240;476;898;685;749;690;876;233;647;601;763;1376;688;383;485;453;582;1078;237;315;662;183;342;259;312;652;562;572;980;604;996;275;337;558;811;305;411;1085;407;442;584;380;733;813;786;367;1212;214;266;224;815;370;74;998;1150;285;1097;1199;407;216;711;581;237
07;ANTALYA;546;884;287;1424;822;542;;1430;345;505;472;1188;1288;682;121;543;693;685;732;226;1083;922;1051;1059;1244;421;763;1092;1163;1453;742;131;466;715;447;1447;790;615;924;568;605;271;361;953;427;744;1095;309;1298;536;541;1050;1303;567;903;1262;961;811;846;872;1224;1182;901;290;1447;681;748;460;1183;376;562;1175;1265;804;1465;1568;610;735;798;636;636
08;ARTVİN;1001;715;1224;364;679;960;1430;;1564;1454;1236;371;545;1021;1390;1292;1571;881;720;1445;509;1516;511;376;194;1202;846;359;312;753;980;1352;1072;1284;1551;203;844;822;1492;941;1173;1117;1281;605;1531;827;604;1572;464;894;943;402;148;1136;548;641;709;624;1414;616;227;424;686;1336;558;828;1057;970;310;1118;889;563;737;1024;117;336;1238;956;885;909;1067
09;AYDIN;879;1217;340;1624;934;595;345;1564;;291;525;1388;1579;735;286;441;448;737;844;124;1399;667;1250;1259;1444;474;1096;1205;1367;1786;1075;288;811;681;128;1646;843;814;682;765;569;527;414;1153;152;1073;1428;98;1497;735;762;1162;1415;620;1016;1586;1014;1010;617;984;1337;1382;1234;272;1713;818;801;659;1383;640;678;1498;1598;856;1665;1767;507;787;1131;968;688
10;BALIKESİR;902;1239;324;1579;844;536;505;1454;291;;257;1410;1601;433;393;152;192;666;785;285;1422;419;1273;1214;1399;303;1118;1095;1257;1809;1098;395;895;393;175;1601;680;837;434;706;280;550;227;1176;138;1096;1451;389;1520;758;785;1053;1306;318;906;1609;859;987;369;926;1227;1337;1257;224;1736;760;499;682;1296;663;619;1521;1621;587;1563;1723;218;567;1154;991;387
11;BİLECİK;785;1032;207;1361;626;314;472;1236;525;257;;1187;1378;215;351;95;374;447;563;406;1199;480;1050;996;1181;80;948;877;1039;1676;981;352;778;248;430;1383;462;616;457;483;138;433;110;953;393;873;1281;533;1297;576;635;835;1088;100;688;1386;641;765;379;703;1009;1119;1087;249;1513;537;281;522;1078;546;397;1298;1450;369;1345;1505;125;349;1011;874;168
12;BİNGÖL;631;347;1087;359;641;887;1188;371;1388;1410;1187;;192;1075;1155;1259;1538;918;759;1269;141;1570;141;272;177;1107;476;539;378;490;610;1127;702;1338;1414;382;892;569;1546;704;1227;875;1183;235;1394;457;236;1396;111;652;701;582;426;1190;718;288;859;479;1468;582;471;145;318;1198;327;699;1107;728;302;876;813;195;384;1072;407;501;1292;1007;517;539;1122
13;BİTLİS;741;410;1278;237;832;1078;1288;545;1579;1601;1378;192;;1266;1346;1450;1729;1109;950;1460;204;1761;332;463;351;1298;525;713;552;323;719;1318;811;1529;1605;452;1082;760;1737;895;1418;1066;1374;426;1585;572;281;1587;81;843;892;756;600;1381;909;96;1050;670;1659;773;646;336;381;1389;159;890;1298;919;476;1034;1004;133;192;1263;484;336;1483;1198;580;648;1312
14;BOLU;688;920;417;1146;411;190;682;1021;735;433;215;1075;1266;;561;271;551;233;348;616;1086;495;937;781;966;290;835;662;824;1564;884;563;681;263;606;1168;247;504;471;371;152;455;321;840;569;760;1168;743;1185;463;544;620;873;115;473;1273;426;630;394;521;794;904;974;459;1378;402;158;420;863;566;262;1186;1338;176;1130;1290;217;134;899;777;47
15;BURDUR;647;984;166;1391;760;421;121;1390;286;393;351;1155;1346;561;;422;586;563;670;167;1167;826;1018;1026;1212;300;863;1031;1130;1554;843;29;574;594;388;1414;669;582;803;536;483;295;240;921;368;841;1196;240;1265;503;530;988;1241;446;842;1354;840;778;725;810;1163;1149;1002;169;1481;644;627;427;1151;408;504;1266;1366;682;1433;1535;489;613;899;736;514
16;BURSA;856;1104;278;1417;682;385;543;1292;441;152;95;1259;1450;271;422;;270;504;634;435;1270;428;1121;1052;1237;152;1020;933;1095;1748;1052;423;849;244;325;1440;518;688;443;555;131;504;182;1024;288;944;1352;539;1369;648;706;891;1144;156;744;1457;697;836;379;775;1065;1175;1158;320;1585;609;337;594;1134;617;468;1370;1522;425;1401;1561;69;405;1083;945;225
17;ÇANAKKALE;1093;1383;515;1696;962;665;693;1571;448;192;374;1538;1729;551;586;270;;783;914;473;1550;231;1401;1331;1517;431;1299;1212;1374;2027;1290;588;1086;314;327;1719;797;967;245;834;398;741;419;1304;328;1224;1632;547;1648;927;986;1170;1423;436;1023;1737;977;1116;181;1054;1344;1454;1438;418;1864;888;617;873;1414;854;748;1649;1801;705;1681;1840;335;684;1345;1183;504
18;ÇANKIRI;590;762;398;985;245;131;685;881;737;666;447;918;1109;233;563;504;783;;155;619;929;727;780;620;806;376;678;522;684;1406;776;525;583;495;725;1008;106;346;704;214;385;354;455;683;705;603;1011;746;1027;306;386;480;733;347;333;1116;276;442;626;333;654;743;817;510;1218;245;292;322;703;465;104;1028;1180;278;990;1129;450;192;741;679;279
19;ÇORUM;582;697;504;830;91;240;732;720;844;785;563;759;950;348;670;634;914;155;;725;770;843;602;465;651;482;613;361;523;1248;711;632;575;611;831;853;192;281;820;221;501;419;561;524;811;538;865;853;869;295;375;319;572;463;172;957;262;287;742;178;493;589;752;616;1063;108;408;330;548;530;169;870;1063;373;829;974;566;308;676;640;395
20;DENİZLİ;761;1098;221;1505;816;476;226;1445;124;285;406;1269;1460;616;167;435;473;619;725;;1280;702;1131;1140;1325;355;977;1086;1248;1667;957;169;692;649;226;1527;724;696;716;646;539;408;296;1034;206;954;1310;150;1379;617;643;1044;1297;501;897;1467;895;891;652;866;1218;1263;1116;153;1594;700;682;541;1264;522;559;1380;1479;738;1546;1649;501;669;1012;850;570
21;DİYARBAKIR;537;206;1098;441;703;898;1083;509;1399;1422;1199;141;204;1086;1167;1270;1550;929;770;1280;;1581;152;407;315;1119;321;677;516;527;515;1138;607;1349;1425;520;957;581;1558;715;1239;887;1194;246;1405;368;94;1408;249;664;713;720;564;1201;832;187;957;490;1480;594;610;280;177;1210;363;710;1162;740;440;829;824;99;293;1138;545;540;1304;1073;375;444;1133
22;EDİRNE;1183;1414;682;1641;906;685;922;1516;667;419;480;1570;1761;495;826;428;231;727;843;702;1581;;1432;1276;1461;555;1330;1157;1319;2059;1379;828;1176;232;546;1663;741;998;67;866;345;908;586;1335;556;1255;1663;766;1679;958;1039;1114;1368;380;968;1768;921;1125;148;1016;1289;1399;1469;642;1873;897;561;915;1358;1021;757;1681;1833;649;1625;1785;410;629;1394;1272;448
23;ELAZIĞ;494;283;949;499;535;749;1051;511;1250;1273;1050;141;332;937;1018;1121;1401;780;602;1131;152;1432;;267;317;970;338;558;397;630;472;989;564;1200;1276;522;789;432;1409;566;1090;738;1045;97;1256;319;247;1259;251;515;564;601;560;1052;664;339;789;322;1331;426;491;140;318;1061;466;542;1013;591;395;739;675;252;445;970;546;640;1155;905;402;401;984
24;ERZİNCAN;676;546;955;370;375;690;1059;376;1259;1214;996;272;463;781;1026;1052;1331;620;465;1140;407;1276;267;;191;933;602;297;136;798;748;997;747;1044;1282;393;625;451;1252;575;933;746;1012;361;1262;575;501;1267;381;523;572;340;299;896;451;558;593;253;1174;309;229;128;573;1067;603;476;840;599;157;747;620;467;654;806;412;514;998;741;665;677;827
25;ERZURUM;807;521;1140;182;560;876;1244;194;1444;1399;1181;177;351;966;1212;1237;1517;806;651;1325;315;1461;317;191;;1118;652;362;201;610;786;1183;878;1229;1467;205;810;636;1438;760;1118;932;1197;411;1447;633;410;1453;270;709;757;405;249;1081;551;447;712;438;1360;494;294;239;492;1252;415;661;1026;785;125;933;805;369;543;991;230;326;1184;926;691;715;1013
26;ESKİŞEHİR;690;952;140;1298;573;233;421;1202;474;303;80;1107;1298;290;300;152;431;376;482;355;1119;555;970;933;1118;;868;843;1005;1596;886;301;683;323;412;1320;482;536;532;403;213;337;79;872;392;792;1200;482;1217;496;555;801;1054;176;654;1306;652;684;454;623;975;1056;1006;217;1433;457;356;442;1057;451;316;1218;1370;444;1339;1442;219;426;931;779;244
27;GAZİANTEP;216;151;794;762;576;647;763;846;1096;1118;948;476;525;835;863;1020;1299;678;613;977;321;1330;338;602;652;868;;689;754;691;194;835;286;1098;1122;857;784;330;1307;464;988;574;891;241;1102;78;333;1071;586;413;423;681;884;950;705;499;829;402;1229;466;806;475;139;906;684;529;912;484;730;509;574;412;502;930;881;860;1053;861;63;123;882
28;GİRESUN;716;698;865;542;320;601;1092;359;1205;1095;877;539;713;662;1031;933;1212;522;361;1086;677;1157;558;297;362;843;689;;162;969;787;993;786;925;1192;564;485;490;1133;582;814;779;922;532;1172;614;772;1213;632;562;611;43;211;777;189;809;350;292;1055;257;132;420;781;977;774;469;698;690;237;787;530;731;905;665;468;686;879;597;753;716;708
29;GÜMÜŞHANE;780;677;1027;380;436;763;1163;312;1367;1257;1039;378;552;824;1130;1095;1374;684;523;1248;516;1319;397;136;201;1005;754;162;;808;851;1101;850;1087;1354;403;647;554;1295;678;976;850;1084;491;1334;678;611;1375;471;627;676;205;164;939;351;648;512;356;1217;370;94;259;703;1139;613;580;860;703;76;851;692;570;744;827;422;524;1041;759;817;780;870
30;HAKKARİ;906;652;1485;428;1168;1376;1453;753;1786;1809;1676;490;323;1564;1554;1748;2027;1406;1248;1667;527;2059;630;798;610;1596;691;969;808;;885;1525;977;1826;1812;552;1418;1058;2035;1193;1716;1264;1582;724;1792;769;386;1762;379;1141;1114;1012;857;1679;1158;290;1319;968;1957;1071;902;633;545;1597;195;1188;1633;1175;732;1199;1302;456;190;1598;639;417;1781;1533;745;814;1610
31;HATAY;196;316;774;956;673;688;742;980;1075;1098;981;610;719;884;843;1052;1290;776;711;957;515;1379;472;748;786;886;194;787;851;885;;814;266;1147;1101;991;882;428;1355;562;1036;553;871;375;1081;176;527;1051;719;483;403;779;982;999;802;694;927;499;1278;564;903;609;333;886;878;626;960;464;872;488;671;607;697;979;1015;1055;1101;910;146;127;931
32;ISPARTA;618;956;167;1362;723;383;131;1352;288;395;352;1127;1318;563;29;423;588;525;632;169;1138;828;989;997;1183;301;835;993;1101;1525;814;;563;595;390;1385;631;553;804;507;485;266;242;892;370;812;1167;269;1236;474;501;951;1204;448;804;1325;802;749;726;772;1125;1121;973;170;1452;606;629;398;1122;379;466;1237;1337;645;1404;1506;491;576;870;707;516
33;MERSİN;70;407;571;1048;635;485;466;1072;811;895;778;702;811;681;574;849;1086;583;575;692;607;1176;564;747;878;683;286;786;850;977;266;563;;944;898;1082;689;328;1152;369;833;350;668;467;878;268;619;775;811;280;200;777;981;796;746;785;859;498;1074;562;902;700;425;683;970;482;757;261;871;233;479;698;788;776;1107;1147;898;707;322;159;727
34;İSTANBUL;951;1182;450;1409;674;453;715;1284;681;393;248;1338;1529;263;594;244;314;495;611;649;1349;232;1200;1044;1229;323;1098;925;1087;1826;1147;595;944;;566;1431;509;766;209;634;113;676;354;1103;529;1023;1431;776;1447;726;806;882;1135;148;736;1536;689;892;131;784;1057;1167;1237;492;1641;665;329;683;1126;789;525;1448;1600;417;1393;1552;178;396;1161;1040;216
35;İZMİR;905;1243;327;1647;922;582;447;1551;128;175;430;1414;1605;606;388;325;327;725;831;226;1425;546;1276;1282;1467;412;1122;1192;1354;1812;1101;390;898;566;;1669;831;840;560;752;453;553;334;1179;37;1099;1454;226;1523;761;788;1150;1403;491;1003;1612;1001;1033;496;972;1324;1405;1260;215;1739;806;672;685;1406;666;665;1524;1624;760;1688;1791;391;740;1157;994;560
36;KARS;1012;726;1342;214;762;1078;1447;203;1646;1601;1383;382;452;1168;1414;1440;1719;1008;853;1527;520;1663;522;393;205;1320;857;564;403;552;991;1385;1082;1431;1669;;1012;838;1640;962;1321;1134;1399;615;1649;837;614;1655;347;911;960;607;344;1283;753;547;914;640;1562;696;422;441;697;1454;357;864;1228;987;327;1135;1007;585;643;1193;89;135;1386;1128;895;919;1215
37;KASTAMONU;696;868;504;990;255;237;790;844;843;680;462;892;1082;247;669;518;797;106;192;724;957;741;789;625;810;482;784;485;647;1418;882;631;689;509;831;1012;;452;718;319;399;460;567;711;816;709;1051;852;1001;412;492;443;696;361;296;1144;181;474;640;365;617;748;923;615;1223;299;213;428;722;571;210;1056;1286;181;953;1134;464;113;847;785;293
38;KAYSERİ;335;414;513;816;341;315;615;822;814;837;616;569;760;504;582;688;967;346;281;696;581;998;432;451;636;536;330;490;554;1058;428;553;328;766;840;838;452;;975;133;656;302;610;335;820;254;663;823;679;79;128;482;685;618;453;768;543;202;897;267;606;574;468;625;895;197;580;155;575;303;242;680;832;598;857;960;721;529;393;356;550
39;KIRKLARELİ;1159;1391;659;1617;883;662;924;1492;682;434;457;1546;1737;471;803;443;245;704;820;716;1558;67;1409;1252;1438;532;1307;1133;1295;2035;1355;804;1152;209;560;1640;718;975;;842;321;885;562;1312;570;1232;1640;780;1656;935;1015;1091;1344;357;944;1745;898;1101;124;992;1265;1375;1446;656;1850;874;538;891;1335;998;733;1657;1809;625;1602;1761;387;605;1370;1249;425
40;KIRŞEHİR;376;549;425;940;312;183;568;941;765;706;483;704;895;371;536;555;834;214;221;646;715;866;566;575;760;403;464;582;678;1193;562;507;369;634;752;962;319;133;842;;523;255;482;469;732;389;797;773;814;92;173;540;793;486;393;902;490;326;764;332;714;698;603;537;1029;113;447;108;699;320;109;815;967;466;981;1084;588;397;528;466;417
41;KOCAELİ;840;1072;340;1298;563;342;605;1173;569;280;138;1227;1418;152;483;131;398;385;501;539;1239;345;1090;933;1118;213;988;814;976;1716;1036;485;833;113;453;1321;399;656;321;523;;566;243;992;417;912;1321;666;1337;616;696;772;1025;37;625;1426;578;782;243;673;946;1056;1126;381;1531;555;218;572;1015;679;414;1338;1490;306;1282;1442;65;286;1051;929;106
42;KONYA;357;695;226;1111;509;259;271;1117;527;550;433;875;1066;455;295;504;741;354;419;408;887;908;738;746;932;337;574;779;850;1264;553;266;350;676;553;1134;460;302;885;255;566;;323;641;533;555;906;536;985;223;240;737;990;528;590;1074;630;498;807;559;911;869;712;338;1201;368;531;147;871;118;249;986;1076;550;1153;1255;572;481;609;446;501
43;KÜTAHYA;675;1012;97;1377;652;312;361;1281;414;227;110;1183;1374;321;240;182;419;455;561;296;1194;586;1045;1012;1197;79;891;922;1084;1582;871;242;668;354;334;1399;567;610;562;482;243;323;;948;314;868;1224;423;1293;531;557;880;1133;206;733;1381;747;763;484;702;1054;1135;1030;138;1509;536;387;455;1136;436;395;1294;1393;475;1418;1521;249;454;926;764;274
44;MALATYA;396;186;852;593;457;652;953;605;1153;1176;953;235;426;840;921;1024;1304;683;524;1034;246;1335;97;361;411;872;241;532;491;724;375;892;467;1103;1179;615;711;335;1312;469;992;641;948;;1159;222;341;1162;344;418;467;562;654;955;586;433;711;244;1234;348;584;233;269;964;560;464;916;494;489;642;578;346;539;892;640;734;1058;826;304;304;887
45;MANİSA;885;1223;307;1627;902;562;427;1531;152;138;393;1394;1585;569;368;288;328;705;811;206;1405;556;1256;1262;1447;392;1102;1172;1334;1792;1081;370;878;529;37;1649;816;820;570;732;417;533;314;1159;;1079;1434;251;1503;741;768;1130;1383;455;983;1592;981;1013;506;952;1304;1385;1240;195;1719;786;636;665;1386;646;645;1504;1604;723;1668;1771;354;703;1137;974;523
46;KAHRAMANMARAŞ;197;162;772;815;500;572;744;827;1073;1096;873;457;572;760;841;944;1224;603;538;954;368;1255;319;575;633;792;78;614;678;769;176;812;268;1023;1099;837;709;254;1232;389;912;555;868;222;1079;;411;1053;566;338;386;605;809;875;629;547;754;326;1154;391;730;455;217;884;731;453;836;414;699;490;498;460;580;855;862;908;978;786;141;105;807
47;MARDİN;549;294;1127;518;798;980;1095;604;1428;1451;1281;236;281;1168;1196;1352;1632;1011;865;1310;94;1663;247;501;410;1200;333;772;611;386;527;1167;619;1431;1454;614;1051;663;1640;797;1321;906;1224;341;1434;411;;1404;362;746;756;815;659;1283;927;235;1052;585;1562;688;704;374;188;1239;440;805;1244;817;535;841;906;148;198;1232;639;616;1386;1167;388;456;1215
48;MUĞLA;855;1193;348;1632;943;604;309;1572;98;389;533;1396;1587;743;240;539;547;746;853;150;1408;766;1259;1267;1453;482;1071;1213;1375;1762;1051;269;775;776;226;1655;852;823;780;773;666;536;423;1162;251;1053;1404;;1506;744;771;1171;1424;629;1024;1595;1022;1019;716;993;1345;1390;1210;280;1722;827;810;668;1392;649;687;1507;1574;865;1674;1776;605;796;1107;944;697
49;MUŞ;741;455;1196;246;751;996;1298;464;1497;1520;1297;111;81;1185;1265;1369;1648;1027;869;1379;249;1679;251;381;270;1217;586;632;471;379;719;1236;811;1447;1523;347;1001;679;1656;814;1337;985;1293;344;1503;566;362;1506;;762;811;675;519;1299;828;177;969;589;1578;692;564;254;425;1308;216;809;1217;838;395;986;923;214;273;1182;403;390;1402;1117;624;648;1231
50;NEVŞEHİR;287;497;434;888;355;275;536;894;735;758;576;652;843;463;503;648;927;306;295;617;664;958;515;523;709;496;413;562;627;1141;483;474;280;726;761;911;412;79;935;92;616;223;531;418;741;338;746;744;762;;80;614;758;578;467;851;582;275;857;339;679;646;552;546;978;205;539;76;648;256;201;763;915;558;930;1032;681;489;476;376;510
51;NİĞDE;207;544;461;937;435;337;541;943;762;785;635;701;892;544;530;706;986;386;375;643;713;1039;564;572;757;555;423;611;676;1114;403;501;200;806;788;960;492;128;1015;173;696;240;557;467;768;386;756;771;811;80;;603;806;659;546;900;663;324;937;388;728;695;562;573;1027;286;620;113;696;175;282;812;926;638;978;1081;761;570;459;296;590
52;ORDU;707;728;823;584;278;558;1050;402;1162;1053;835;582;756;620;988;891;1170;480;319;1044;720;1114;601;340;405;801;681;43;205;1012;779;951;777;882;1150;607;443;482;1091;540;772;737;880;562;1130;605;815;1171;675;614;603;;254;734;147;852;307;307;1013;215;175;463;811;935;817;427;656;648;280;848;488;774;948;623;511;728;837;555;744;707;666
53;RİZE;911;770;1076;429;531;811;1303;148;1415;1306;1088;426;600;873;1241;1144;1423;733;572;1297;564;1368;560;299;249;1054;884;211;164;857;982;1204;981;1135;1403;344;696;685;1344;793;1025;990;1133;654;1383;809;659;1424;519;758;806;254;;988;400;696;560;487;1266;468;79;422;741;1188;661;680;909;834;239;982;741;618;792;876;257;477;1090;808;948;911;919
54;SAKARYA;803;1034;302;1261;526;305;567;1136;620;318;100;1190;1381;115;446;156;436;347;463;501;1201;380;1052;896;1081;176;950;777;939;1679;999;448;796;148;491;1283;361;618;357;486;37;528;206;955;455;875;1283;629;1299;578;659;734;988;;588;1388;541;745;279;636;909;1019;1089;344;1493;517;181;535;978;641;377;1301;1453;269;1245;1405;103;249;1014;892;68
55;SAMSUN;753;752;676;731;131;411;903;548;1016;906;688;718;909;473;842;744;1023;333;172;897;832;968;664;451;551;654;705;189;351;1158;802;804;746;736;1003;753;296;453;944;393;625;590;733;586;983;629;927;1024;828;467;546;147;400;588;;1019;161;350;866;241;321;575;835;788;963;280;509;501;426;702;341;932;1125;476;657;875;690;408;768;731;519
56;SİİRT;715;384;1285;333;890;1085;1262;641;1586;1609;1386;288;96;1273;1354;1457;1737;1116;957;1467;187;1768;339;558;447;1306;499;809;648;290;694;1325;785;1536;1612;547;1144;768;1745;902;1426;1074;1381;433;1592;547;235;1595;177;851;900;852;696;1388;1019;;1144;677;1667;781;741;431;355;1397;255;897;1349;927;572;1008;1011;87;100;1325;580;431;1491;1260;554;623;1320
57;SİNOP;866;877;674;891;256;407;961;709;1014;859;641;859;1050;426;840;697;977;276;262;895;957;921;789;593;712;652;829;350;512;1319;927;802;859;689;1001;914;181;543;898;490;578;630;747;711;981;754;1052;1022;969;582;663;307;560;541;161;1144;;474;820;365;482;716;960;786;1124;370;393;599;587;742;381;1057;1250;360;818;1035;644;292;893;856;473
58;SİVAS;428;410;706;618;221;442;811;624;1010;987;765;479;670;630;778;836;1116;442;287;891;490;1125;322;253;438;684;402;292;356;968;499;749;498;892;1033;640;474;202;1101;326;782;498;763;244;1013;326;585;1019;589;275;324;307;487;745;350;677;474;;1023;111;408;376;493;818;804;228;690;351;377;499;371;590;783;655;659;762;847;590;465;428;676
59;TEKİRDAĞ;1081;1313;581;1539;805;584;846;1414;617;369;379;1468;1659;394;725;379;181;626;742;652;1480;148;1331;1174;1360;454;1229;1055;1217;1957;1278;726;1074;131;496;1562;640;897;124;764;243;807;484;1234;506;1154;1562;716;1578;857;937;1013;1266;279;866;1667;820;1023;;914;1187;1297;1368;592;1772;796;460;813;1257;920;655;1579;1731;548;1524;1683;309;527;1292;1171;347
60;TOKAT;492;513;645;674;112;380;872;616;984;926;703;582;773;521;810;775;1054;333;178;866;594;1016;426;309;494;623;466;257;370;1071;564;772;562;784;972;696;365;267;992;332;673;559;702;348;952;391;688;993;692;339;388;215;468;636;241;781;365;111;914;;389;432;596;757;908;219;581;415;391;563;309;693;886;546;715;818;738;481;529;492;567
61;TRABZON;832;770;997;474;452;733;1224;227;1337;1227;1009;471;646;794;1163;1065;1344;654;493;1218;610;1289;491;229;294;975;806;132;94;902;903;1125;902;1057;1324;422;617;606;1265;714;946;911;1054;584;1304;730;704;1345;564;679;728;175;79;909;321;741;482;408;1187;389;;352;796;1109;707;601;830;755;169;903;662;663;837;797;336;556;1011;729;869;832;840
62;TUNCELİ;630;419;1078;418;498;813;1182;424;1382;1337;1119;145;336;904;1149;1175;1454;743;589;1263;280;1399;140;128;239;1056;475;420;259;633;609;1121;700;1167;1405;441;748;574;1375;698;1056;869;1135;233;1385;455;374;1390;254;646;695;463;422;1019;575;431;716;376;1297;432;352;;445;1190;470;599;964;722;256;870;743;340;527;929;460;562;1121;864;538;537;950
63;ŞANLIURFA;354;111;933;618;706;786;901;686;1234;1257;1087;318;381;974;1002;1158;1438;817;752;1116;177;1469;318;573;492;1006;139;781;703;545;333;973;425;1237;1260;697;923;468;1446;603;1126;712;1030;269;1240;217;188;1210;425;552;562;811;741;1089;835;355;960;493;1368;596;796;445;;1045;540;667;1050;623;617;647;712;268;357;1069;721;716;1191;1000;193;262;1021
64;UŞAK;690;1027;112;1432;707;367;290;1336;272;224;249;1198;1389;459;169;320;418;510;616;153;1210;642;1061;1067;1252;217;906;977;1139;1597;886;170;683;492;215;1454;615;625;656;537;381;338;138;964;195;884;1239;280;1308;546;573;935;1188;344;788;1397;786;818;592;757;1109;1190;1045;;1524;591;525;470;1191;451;450;1309;1409;629;1473;1576;387;560;942;779;412
65;VAN;900;569;1412;233;972;1212;1447;558;1713;1736;1513;327;159;1378;1481;1585;1864;1218;1063;1594;363;1873;466;603;415;1433;684;774;613;195;878;1452;970;1641;1739;357;1223;895;1850;1029;1531;1201;1509;560;1719;731;440;1722;216;978;1027;817;661;1493;963;255;1124;804;1772;908;707;470;540;1524;;1024;1438;1054;537;1202;1138;292;351;1403;444;222;1596;1338;739;807;1425
66;YOZGAT;489;613;479;841;199;214;681;828;818;760;537;699;890;402;644;609;888;245;108;700;710;897;542;476;661;457;529;469;580;1188;626;606;482;665;806;864;299;197;874;113;555;368;536;464;786;453;805;827;809;205;286;427;680;517;280;897;370;228;796;219;601;599;667;591;1024;;478;222;600;433;143;810;1003;497;882;985;620;428;592;555;449
67;ZONGULDAK;764;996;483;1205;471;266;748;1057;801;499;281;1107;1298;158;627;337;617;292;408;682;1162;561;1013;840;1026;356;912;698;860;1633;960;629;757;329;672;1228;213;580;538;447;218;531;387;916;636;836;1244;810;1217;539;620;656;909;181;509;1349;393;690;460;581;830;964;1050;525;1438;478;;496;935;642;338;1262;1414;88;1166;1349;284;101;975;853;113
68;AKSARAY;268;573;358;964;420;224;460;970;659;682;522;728;919;420;427;594;873;322;330;541;740;915;591;599;785;442;484;690;703;1175;464;398;261;683;685;987;428;155;891;108;572;147;455;494;665;414;817;668;838;76;113;648;834;535;501;927;599;351;813;415;755;722;623;470;1054;222;496;;724;212;218;839;986;515;1006;1108;637;446;520;357;466
69;BAYBURT;801;674;1079;304;457;815;1183;310;1383;1296;1078;302;476;863;1151;1134;1414;703;548;1264;440;1358;395;157;125;1057;730;237;76;732;872;1122;871;1126;1406;327;722;575;1335;699;1015;871;1136;489;1386;699;535;1392;395;648;696;280;239;978;426;572;587;377;1257;391;169;256;617;1191;537;600;935;724;;872;744;494;668;902;346;448;1080;834;793;801;910
70;KARAMAN;292;630;339;1112;621;370;376;1118;640;663;546;876;1034;566;408;617;854;465;530;522;829;1021;739;747;933;451;509;787;851;1199;488;379;233;789;666;1135;571;303;998;320;679;118;436;642;646;490;841;649;986;256;175;848;982;641;702;1008;742;499;920;563;903;870;647;451;1202;433;642;212;872;;361;921;1011;661;1154;1256;685;592;544;382;613
71;KIRIKKALE;485;658;338;985;260;74;562;889;678;619;397;813;1004;262;504;468;748;104;169;559;824;757;675;620;805;316;574;530;692;1302;671;466;479;525;665;1007;210;242;733;109;414;249;395;578;645;498;906;687;923;201;282;488;741;377;341;1011;381;371;655;309;662;743;712;450;1138;143;338;218;744;361;;924;1076;357;1026;1128;479;288;637;575;308
72;BATMAN;628;297;1197;370;803;998;1175;563;1498;1521;1298;195;133;1186;1266;1370;1649;1028;870;1380;99;1681;252;467;369;1218;412;731;570;456;607;1237;698;1448;1524;585;1056;680;1657;815;1338;986;1294;346;1504;460;148;1507;214;763;812;774;618;1301;932;87;1057;590;1579;693;663;340;268;1309;292;810;1262;839;494;921;924;;183;1237;599;469;1403;1172;467;535;1232
73;ŞIRNAK;718;464;1297;429;996;1150;1265;737;1598;1621;1450;384;192;1338;1366;1522;1801;1180;1063;1479;293;1833;445;654;543;1370;502;905;744;190;697;1337;788;1600;1624;643;1286;832;1809;967;1490;1076;1393;539;1604;580;198;1574;273;915;926;948;792;1453;1125;100;1250;783;1731;886;837;527;357;1409;351;1003;1414;986;668;1011;1076;183;;1432;676;527;1555;1364;557;626;1384
74;BARTIN;783;1014;517;1171;436;285;804;1024;856;587;369;1072;1263;176;682;425;705;278;373;738;1138;649;970;806;991;444;930;665;827;1598;979;645;776;417;760;1193;181;598;625;466;306;550;475;892;723;855;1232;865;1182;558;638;623;876;269;476;1325;360;655;548;546;797;929;1069;629;1403;497;88;515;902;661;357;1237;1432;;1133;1315;371;86;993;872;201
75;ARDAHAN;1037;751;1361;305;781;1097;1465;117;1665;1563;1345;407;484;1130;1433;1401;1681;990;829;1546;545;1625;546;412;230;1339;881;468;422;639;1015;1404;1107;1393;1688;89;953;857;1602;981;1282;1153;1418;640;1668;862;639;1674;403;930;978;511;257;1245;657;580;818;659;1524;715;336;460;721;1473;444;882;1166;1006;346;1154;1026;599;676;1133;;222;1347;1065;920;944;1177
76;IĞDIR;1076;746;1464;144;884;1199;1568;336;1767;1723;1505;501;336;1290;1535;1561;1840;1129;974;1649;540;1785;640;514;326;1442;860;686;524;417;1055;1506;1147;1552;1791;135;1134;960;1761;1084;1442;1255;1521;734;1771;908;616;1776;390;1032;1081;728;477;1405;875;431;1035;762;1683;818;556;562;716;1576;222;985;1349;1108;448;1256;1128;469;527;1315;222;;1507;1250;915;984;1336
77;YALOVA;905;1137;346;1363;628;407;610;1238;507;218;125;1292;1483;217;489;69;335;450;566;501;1304;410;1155;998;1184;219;1053;879;1041;1781;1101;491;898;178;391;1386;464;721;387;588;65;572;249;1058;354;978;1386;605;1402;681;761;837;1090;103;690;1491;644;847;309;738;1011;1121;1191;387;1596;620;284;637;1080;685;479;1403;1555;371;1347;1507;;351;1116;994;171
78;KARABÜK;714;945;448;1106;371;216;735;956;787;567;349;1007;1198;134;613;405;684;192;308;669;1073;629;905;741;926;426;861;597;759;1533;910;576;707;396;740;1128;113;529;605;397;286;481;454;826;703;786;1167;796;1117;489;570;555;808;249;408;1260;292;590;527;481;729;864;1000;560;1338;428;101;446;834;592;288;1172;1364;86;1065;1250;351;;925;803;180
79;KİLİS;251;210;830;817;639;711;798;885;1131;1154;1011;517;580;899;899;1083;1345;741;676;1012;375;1394;402;665;691;931;63;753;817;745;146;870;322;1161;1157;895;847;393;1370;528;1051;609;926;304;1137;141;388;1107;624;476;459;744;948;1014;768;554;893;465;1292;529;869;538;193;942;739;592;975;520;793;544;637;467;557;993;920;915;1116;925;;159;945
80;OSMANİYE;89;244;667;885;602;581;636;909;968;991;874;539;648;777;736;945;1183;679;640;850;444;1272;401;677;715;779;123;716;780;814;127;707;159;1040;994;919;785;356;1249;466;929;446;764;304;974;105;456;944;648;376;296;707;911;892;731;623;856;428;1171;492;832;537;262;779;807;555;853;357;801;382;575;535;626;872;944;984;994;803;159;;824
81;DÜZCE;734;966;371;1192;458;237;636;1067;688;387;168;1122;1312;47;514;225;504;279;395;570;1133;448;984;827;1013;244;882;708;870;1610;931;516;727;216;560;1215;293;550;425;417;106;501;274;887;523;807;1215;697;1231;510;590;666;919;68;519;1320;473;676;347;567;840;950;1021;412;1425;449;113;466;910;613;308;1232;1384;201;1177;1336;171;180;945;824;
;;;;;;;;;;;;;;;;;;;;;;;;;;;;;;;;;;;;;;;;;;;;;;;;;;;;;;;;;;;;;;;;;;;;;;;;;;;;;;;;;;
